protein,cell,pairs,dataset
AATF,K562,1081,AATF:K562
ADAT1,K562,936,ADAT1:K562
AGGF1,HepG2,3711,AGGF1:HepG2
AGGF1,K562,6959,AGGF1:K562
AKAP1,HepG2,5943,AKAP1:HepG2
AKAP1,K562,1494,AKAP1:K562
AKAP8L,K562,2187,AKAP8L:K562
APOBEC3C,K562,1021,APOBEC3C:K562
AQR,HepG2,11101,AQR:HepG2
AQR,K562,24590,AQR:K562
BCCIP,HepG2,539,BCCIP:HepG2
BCLAF1,HepG2,32387,BCLAF1:HepG2
BUD13,HepG2,4297,BUD13:HepG2
BUD13,K562,8850,BUD13:K562
CDC40,HepG2,1172,CDC40:HepG2
CPSF6,K562,791,CPSF6:K562
CSTF2,HepG2,3037,CSTF2:HepG2
CSTF2T,HepG2,18864,CSTF2T:HepG2
CSTF2T,K562,10814,CSTF2T:K562
DDX1,K562,3597,DDX1:K562
DDX24,K562,9600,DDX24:K562
DDX3X,HepG2,8397,DDX3X:HepG2
DDX3X,K562,6672,DDX3X:K562
DDX43,K562,9098,DDX43:K562
DDX51,K562,421,DDX51:K562
DDX52,K562,1242,DDX52:K562
DDX55,HepG2,1686,DDX55:HepG2
DDX55,K562,1101,DDX55:K562
DDX59,HepG2,3089,DDX59:HepG2
DDX6,HepG2,493,DDX6:HepG2
DDX6,K562,1955,DDX6:K562
DGCR8,HepG2,1724,DGCR8:HepG2
DGCR8,K562,1253,DGCR8:K562
DHX30,K562,824,DHX30:K562
DKC1,HepG2,2654,DKC1:HepG2
DROSHA,HepG2,2184,DROSHA:HepG2
DROSHA,K562,3915,DROSHA:K562
EFTUD2,HepG2,7401,EFTUD2:HepG2
EFTUD2,K562,5563,EFTUD2:K562
EIF3D,HepG2,816,EIF3D:HepG2
EIF3H,HepG2,2832,EIF3H:HepG2
EIF4E,K562,2142,EIF4E:K562
EIF4G2,K562,4625,EIF4G2:K562
ELAC2,K562,12915,ELAC2:K562
ELAVL1,K562,8806,ELAVL1:K562
EWSR1,K562,8702,EWSR1:K562
EXOSC10,K562,1363,EXOSC10:K562
EXOSC5,HepG2,727,EXOSC5:HepG2
EXOSC5,K562,12000,EXOSC5:K562
FAM120A,HepG2,7988,FAM120A:HepG2
FAM120A,K562,5862,FAM120A:K562
FASTKD2,HepG2,868,FASTKD2:HepG2
FASTKD2,K562,542,FASTKD2:K562
FKBP4,HepG2,1454,FKBP4:HepG2
FMR1,K562,4445,FMR1:K562
FTO,HepG2,539,FTO:HepG2
FTO,K562,840,FTO:K562
FUBP3,HepG2,2760,FUBP3:HepG2
FUS,HepG2,882,FUS:HepG2
FUS,K562,4464,FUS:K562
FXR1,K562,1425,FXR1:K562
FXR2,HepG2,3874,FXR2:HepG2
FXR2,K562,4745,FXR2:K562
G3BP1,HepG2,6482,G3BP1:HepG2
GARS,K562,566,GARS:K562
GEMIN5,K562,2640,GEMIN5:K562
GPKOW,K562,1082,GPKOW:K562
GRSF1,HepG2,1008,GRSF1:HepG2
GRWD1,HepG2,22078,GRWD1:HepG2
GRWD1,K562,4375,GRWD1:K562
GTF2F1,HepG2,4472,GTF2F1:HepG2
GTF2F1,K562,4958,GTF2F1:K562
HLTF,HepG2,3645,HLTF:HepG2
HNRNPC,HepG2,3271,HNRNPC:HepG2
HNRNPC,K562,516,HNRNPC:K562
HNRNPK,HepG2,5665,HNRNPK:HepG2
HNRNPK,K562,4822,HNRNPK:K562
HNRNPL,HepG2,8811,HNRNPL:HepG2
HNRNPL,K562,5840,HNRNPL:K562
HNRNPM,HepG2,13423,HNRNPM:HepG2
HNRNPM,K562,6442,HNRNPM:K562
HNRNPUL1,HepG2,467,HNRNPUL1:HepG2
IGF2BP1,HepG2,4444,IGF2BP1:HepG2
IGF2BP1,K562,5706,IGF2BP1:K562
IGF2BP2,K562,3833,IGF2BP2:K562
IGF2BP3,HepG2,2218,IGF2BP3:HepG2
ILF3,HepG2,3513,ILF3:HepG2
ILF3,K562,2913,ILF3:K562
KHDRBS1,K562,1220,KHDRBS1:K562
KHSRP,HepG2,5289,KHSRP:HepG2
KHSRP,K562,23190,KHSRP:K562
LARP4,HepG2,5429,LARP4:HepG2
LARP4,K562,430,LARP4:K562
LIN28B,HepG2,3762,LIN28B:HepG2
LIN28B,K562,6916,LIN28B:K562
LSM11,HepG2,2446,LSM11:HepG2
LSM11,K562,1339,LSM11:K562
MATR3,HepG2,6991,MATR3:HepG2
MATR3,K562,4866,MATR3:K562
MBNL1,K562,1202,MBNL1:K562
METAP2,K562,3120,METAP2:K562
METTL1,K562,481,METTL1:K562
MORC2,K562,891,MORC2:K562
MTPAP,K562,1083,MTPAP:K562
NCBP2,HepG2,3226,NCBP2:HepG2
NCBP2,K562,406,NCBP2:K562
NKRF,HepG2,3794,NKRF:HepG2
NOLC1,HepG2,1628,NOLC1:HepG2
NOLC1,K562,1570,NOLC1:K562
NONO,K562,11333,NONO:K562
NSUN2,HepG2,484,NSUN2:HepG2
PABPC4,K562,5828,PABPC4:K562
PABPN1,HepG2,3949,PABPN1:HepG2
PCBP1,HepG2,940,PCBP1:HepG2
PCBP1,K562,2026,PCBP1:K562
PCBP2,HepG2,8526,PCBP2:HepG2
PHF6,K562,695,PHF6:K562
PPIG,HepG2,23135,PPIG:HepG2
PPIL4,K562,659,PPIL4:K562
PRPF4,HepG2,9159,PRPF4:HepG2
PRPF8,HepG2,19698,PRPF8:HepG2
PRPF8,K562,11280,PRPF8:K562
PTBP1,HepG2,7988,PTBP1:HepG2
PTBP1,K562,7608,PTBP1:K562
PUM1,K562,2658,PUM1:K562
PUM2,K562,5382,PUM2:K562
QKI,HepG2,9990,QKI:HepG2
QKI,K562,2189,QKI:K562
RBFOX2,HepG2,7457,RBFOX2:HepG2
RBFOX2,K562,3519,RBFOX2:K562
RBM15,HepG2,1500,RBM15:HepG2
RBM15,K562,9410,RBM15:K562
RBM22,HepG2,1881,RBM22:HepG2
RBM22,K562,991,RBM22:K562
RBM5,HepG2,641,RBM5:HepG2
RNF187,K562,696,RNF187:K562
RPS3,HepG2,5658,RPS3:HepG2
RPS3,K562,2372,RPS3:K562
RYBP,K562,756,RYBP:K562
SAFB2,K562,3744,SAFB2:K562
SAFB,K562,527,SAFB:K562
SDAD1,HepG2,913,SDAD1:HepG2
SF3A3,HepG2,2357,SF3A3:HepG2
SF3B4,HepG2,5908,SF3B4:HepG2
SF3B4,K562,10270,SF3B4:K562
SFPQ,HepG2,2564,SFPQ:HepG2
SLTM,HepG2,1273,SLTM:HepG2
SLTM,K562,3640,SLTM:K562
SMNDC1,K562,2465,SMNDC1:K562
SND1,HepG2,7095,SND1:HepG2
SND1,K562,4132,SND1:K562
SRSF1,HepG2,1791,SRSF1:HepG2
SRSF1,K562,3864,SRSF1:K562
SRSF7,HepG2,433,SRSF7:HepG2
SRSF7,K562,504,SRSF7:K562
SRSF9,HepG2,666,SRSF9:HepG2
STAU2,HepG2,848,STAU2:HepG2
SUB1,HepG2,3297,SUB1:HepG2
SUGP2,HepG2,14413,SUGP2:HepG2
TAF15,HepG2,768,TAF15:HepG2
TAF15,K562,545,TAF15:K562
TARDBP,HepG2,17722,TARDBP:HepG2
TARDBP,K562,4586,TARDBP:K562
TIA1,HepG2,1729,TIA1:HepG2
TIA1,K562,5883,TIA1:K562
TIAL1,HepG2,2382,TIAL1:HepG2
TRA2A,HepG2,921,TRA2A:HepG2
TRA2A,K562,1739,TRA2A:K562
TROVE2,K562,472,TROVE2:K562
U2AF1,HepG2,1094,U2AF1:HepG2
U2AF1,K562,1230,U2AF1:K562
U2AF2,HepG2,10702,U2AF2:HepG2
U2AF2,K562,3640,U2AF2:K562
UCHL5,HepG2,2233,UCHL5:HepG2
UCHL5,K562,18565,UCHL5:K562
UPF1,HepG2,9760,UPF1:HepG2
UPF1,K562,13412,UPF1:K562
XPO5,HepG2,4615,XPO5:HepG2
XRCC6,K562,860,XRCC6:K562
XRN2,HepG2,1569,XRN2:HepG2
XRN2,K562,1435,XRN2:K562
YBX3,HepG2,2042,YBX3:HepG2
YBX3,K562,17979,YBX3:K562
YWHAG,K562,798,YWHAG:K562
ZC3H11A,HepG2,1155,ZC3H11A:HepG2
ZC3H11A,K562,1194,ZC3H11A:K562
ZNF622,K562,14969,ZNF622:K562
ZNF800,HepG2,2938,ZNF800:HepG2
ZNF800,K562,2436,ZNF800:K562
