dataset,protein,cell,arm,model,n,fold_agreement,max_chroms_per_score_fold,max_chroms_per_table_fold,cross_fold_neighbours_score,cross_fold_neighbours_table
AATF:K562,AATF,K562,gc,cnn,2086,1.0,5,5,0.0,0.0
AATF:K562,AATF,K562,gc,splicebert,2086,1.0,5,5,0.0,0.0
AATF:K562,AATF,K562,dn,cnn,2162,1.0,5,5,0.0,0.0
AATF:K562,AATF,K562,dn,splicebert,2162,1.0,5,5,0.0,0.0
AKAP1:HepG2,AKAP1,HepG2,gc,cnn,11850,1.0,5,5,0.0,0.0
AKAP1:HepG2,AKAP1,HepG2,gc,splicebert,11850,1.0,5,5,0.0,0.0
AKAP1:HepG2,AKAP1,HepG2,dn,cnn,11886,1.0,5,5,0.0,0.0
AKAP1:HepG2,AKAP1,HepG2,dn,splicebert,11886,1.0,5,5,0.0,0.0
AQR:HepG2,AQR,HepG2,gc,cnn,21858,1.0,5,5,0.0,0.0
AQR:HepG2,AQR,HepG2,gc,splicebert,21858,1.0,5,5,0.0,0.0
AQR:HepG2,AQR,HepG2,dn,cnn,22202,0.7063327628141609,23,5,0.19408161426898476,0.0
AQR:HepG2,AQR,HepG2,dn,splicebert,22202,0.7063327628141609,23,5,0.19408161426898476,0.0
BCCIP:HepG2,BCCIP,HepG2,gc,cnn,1076,1.0,5,5,0.0,0.0
BCCIP:HepG2,BCCIP,HepG2,gc,splicebert,1076,1.0,5,5,0.0,0.0
BCCIP:HepG2,BCCIP,HepG2,dn,cnn,1078,1.0,5,5,0.0,0.0
BCCIP:HepG2,BCCIP,HepG2,dn,splicebert,1078,1.0,5,5,0.0,0.0
BCLAF1:HepG2,BCLAF1,HepG2,gc,cnn,64768,1.0,5,5,0.0,0.0
BCLAF1:HepG2,BCLAF1,HepG2,gc,splicebert,64768,1.0,5,5,0.0,0.0
BCLAF1:HepG2,BCLAF1,HepG2,dn,cnn,64774,1.0,5,5,0.0,0.0
BCLAF1:HepG2,BCLAF1,HepG2,dn,splicebert,64774,1.0,5,5,0.0,0.0
BUD13:K562,BUD13,K562,gc,cnn,17608,1.0,5,5,0.0,0.0
BUD13:K562,BUD13,K562,gc,splicebert,17608,1.0,5,5,0.0,0.0
BUD13:K562,BUD13,K562,dn,cnn,17700,1.0,5,5,0.0,0.0
BUD13:K562,BUD13,K562,dn,splicebert,17700,1.0,5,5,0.0,0.0
CDC40:HepG2,CDC40,HepG2,gc,cnn,2316,1.0,5,5,0.0,0.0
CDC40:HepG2,CDC40,HepG2,gc,splicebert,2316,1.0,5,5,0.0,0.0
CDC40:HepG2,CDC40,HepG2,dn,cnn,2344,1.0,5,5,0.0,0.0
CDC40:HepG2,CDC40,HepG2,dn,splicebert,2344,1.0,5,5,0.0,0.0
CSTF2T:HepG2,CSTF2T,HepG2,gc,cnn,39066,1.0,5,5,0.0,0.0
CSTF2T:HepG2,CSTF2T,HepG2,gc,splicebert,39066,1.0,5,5,0.0,0.0
CSTF2T:HepG2,CSTF2T,HepG2,dn,cnn,37728,0.48128710771840544,23,5,0.445186598812553,0.0
CSTF2T:HepG2,CSTF2T,HepG2,dn,splicebert,37728,0.48128710771840544,23,5,0.445186598812553,0.0
DDX24:K562,DDX24,K562,gc,cnn,19180,1.0,5,5,0.0,0.0
DDX24:K562,DDX24,K562,gc,splicebert,19180,1.0,5,5,0.0,0.0
DDX24:K562,DDX24,K562,dn,cnn,19200,1.0,5,5,0.0,0.0
DDX24:K562,DDX24,K562,dn,splicebert,19200,1.0,5,5,0.0,0.0
DDX55:HepG2,DDX55,HepG2,gc,cnn,3370,1.0,5,5,0.0,0.0
DDX55:HepG2,DDX55,HepG2,gc,splicebert,3370,1.0,5,5,0.0,0.0
DDX55:HepG2,DDX55,HepG2,dn,cnn,3372,1.0,5,5,0.0,0.0
DDX55:HepG2,DDX55,HepG2,dn,splicebert,3372,1.0,5,5,0.0,0.0
DDX55:K562,DDX55,K562,gc,cnn,2200,1.0,5,5,0.0,0.0
DDX55:K562,DDX55,K562,gc,splicebert,2200,1.0,5,5,0.0,0.0
DDX55:K562,DDX55,K562,dn,cnn,2202,1.0,5,5,0.0,0.0
DDX55:K562,DDX55,K562,dn,splicebert,2202,1.0,5,5,0.0,0.0
DDX59:HepG2,DDX59,HepG2,gc,cnn,6104,1.0,5,5,0.0,0.0
DDX59:HepG2,DDX59,HepG2,gc,splicebert,6104,1.0,5,5,0.0,0.0
DDX59:HepG2,DDX59,HepG2,dn,cnn,6178,1.0,5,5,0.0,0.0
DDX59:HepG2,DDX59,HepG2,dn,splicebert,6178,1.0,5,5,0.0,0.0
DDX6:HepG2,DDX6,HepG2,gc,cnn,980,1.0,5,5,0.0,0.0
DDX6:HepG2,DDX6,HepG2,gc,splicebert,980,1.0,5,5,0.0,0.0
DDX6:HepG2,DDX6,HepG2,dn,cnn,986,1.0,5,5,0.0,0.0
DDX6:HepG2,DDX6,HepG2,dn,splicebert,986,1.0,5,5,0.0,0.0
DDX6:K562,DDX6,K562,gc,cnn,3878,1.0,5,5,0.0,0.0
DDX6:K562,DDX6,K562,gc,splicebert,3878,1.0,5,5,0.0,0.0
DDX6:K562,DDX6,K562,dn,cnn,3910,1.0,5,5,0.0,0.0
DDX6:K562,DDX6,K562,dn,splicebert,3910,1.0,5,5,0.0,0.0
DGCR8:K562,DGCR8,K562,gc,cnn,2472,1.0,5,5,0.0,0.0
DGCR8:K562,DGCR8,K562,gc,splicebert,2472,1.0,5,5,0.0,0.0
DGCR8:K562,DGCR8,K562,dn,cnn,2506,1.0,5,5,0.0,0.0
DGCR8:K562,DGCR8,K562,dn,splicebert,2506,1.0,5,5,0.0,0.0
DHX30:K562,DHX30,K562,gc,cnn,1590,1.0,5,5,0.0,0.0
DHX30:K562,DHX30,K562,gc,splicebert,1590,1.0,5,5,0.0,0.0
DHX30:K562,DHX30,K562,dn,cnn,1648,1.0,5,5,0.0,0.0
DHX30:K562,DHX30,K562,dn,splicebert,1648,1.0,5,5,0.0,0.0
DROSHA:HepG2,DROSHA,HepG2,gc,cnn,4304,1.0,5,5,0.0,0.0
DROSHA:HepG2,DROSHA,HepG2,gc,splicebert,4304,1.0,5,5,0.0,0.0
DROSHA:HepG2,DROSHA,HepG2,dn,cnn,4368,1.0,5,5,0.0,0.0
DROSHA:HepG2,DROSHA,HepG2,dn,splicebert,4368,1.0,5,5,0.0,0.0
DROSHA:K562,DROSHA,K562,gc,cnn,7572,1.0,5,5,0.0,0.0
DROSHA:K562,DROSHA,K562,gc,splicebert,7572,1.0,5,5,0.0,0.0
DROSHA:K562,DROSHA,K562,dn,cnn,7830,0.8005108556832695,23,5,0.16704980842911876,0.0
DROSHA:K562,DROSHA,K562,dn,splicebert,7830,0.8005108556832695,23,5,0.16704980842911876,0.0
EFTUD2:HepG2,EFTUD2,HepG2,gc,cnn,14248,1.0,5,5,0.0,0.0
EFTUD2:HepG2,EFTUD2,HepG2,gc,splicebert,14248,1.0,5,5,0.0,0.0
EFTUD2:HepG2,EFTUD2,HepG2,dn,cnn,14802,0.6989596000540468,23,5,0.21888933927847587,0.0
EFTUD2:HepG2,EFTUD2,HepG2,dn,splicebert,14802,0.6989596000540468,23,5,0.21888933927847587,0.0
EIF3H:HepG2,EIF3H,HepG2,gc,cnn,5654,1.0,5,5,0.0,0.0
EIF3H:HepG2,EIF3H,HepG2,gc,splicebert,5654,1.0,5,5,0.0,0.0
EIF3H:HepG2,EIF3H,HepG2,dn,cnn,5664,1.0,5,5,0.0,0.0
EIF3H:HepG2,EIF3H,HepG2,dn,splicebert,5664,1.0,5,5,0.0,0.0
ELAC2:K562,ELAC2,K562,gc,cnn,26288,1.0,5,5,0.0,0.0
ELAC2:K562,ELAC2,K562,gc,splicebert,26288,1.0,5,5,0.0,0.0
ELAC2:K562,ELAC2,K562,dn,cnn,25830,0.9900890437475803,11,5,0.003794037940379404,0.0
ELAC2:K562,ELAC2,K562,dn,splicebert,25830,0.9900890437475803,11,5,0.003794037940379404,0.0
ELAVL1:K562,ELAVL1,K562,gc,cnn,17642,1.0,5,5,0.0,0.0
ELAVL1:K562,ELAVL1,K562,gc,splicebert,17642,1.0,5,5,0.0,0.0
ELAVL1:K562,ELAVL1,K562,dn,cnn,17608,0.9977283053157655,9,5,0.0003975465697410268,0.0
ELAVL1:K562,ELAVL1,K562,dn,splicebert,17608,0.9977283053157655,9,5,0.0003975465697410268,0.0
EXOSC5:HepG2,EXOSC5,HepG2,gc,cnn,1426,1.0,5,5,0.0,0.0
EXOSC5:HepG2,EXOSC5,HepG2,gc,splicebert,1426,1.0,5,5,0.0,0.0
EXOSC5:HepG2,EXOSC5,HepG2,dn,cnn,1454,1.0,5,5,0.0,0.0
EXOSC5:HepG2,EXOSC5,HepG2,dn,splicebert,1454,1.0,5,5,0.0,0.0
FASTKD2:HepG2,FASTKD2,HepG2,gc,cnn,1646,1.0,5,5,0.0,0.0
FASTKD2:HepG2,FASTKD2,HepG2,gc,splicebert,1646,1.0,5,5,0.0,0.0
FASTKD2:HepG2,FASTKD2,HepG2,dn,cnn,1736,1.0,5,5,0.0,0.0
FASTKD2:HepG2,FASTKD2,HepG2,dn,splicebert,1736,1.0,5,5,0.0,0.0
FASTKD2:K562,FASTKD2,K562,gc,cnn,1016,1.0,5,5,0.0,0.0
FASTKD2:K562,FASTKD2,K562,gc,splicebert,1016,1.0,5,5,0.0,0.0
FASTKD2:K562,FASTKD2,K562,dn,cnn,1084,1.0,5,5,0.0,0.0
FASTKD2:K562,FASTKD2,K562,dn,splicebert,1084,1.0,5,5,0.0,0.0
FKBP4:HepG2,FKBP4,HepG2,gc,cnn,2740,1.0,5,5,0.0,0.0
FKBP4:HepG2,FKBP4,HepG2,gc,splicebert,2740,1.0,5,5,0.0,0.0
FKBP4:HepG2,FKBP4,HepG2,dn,cnn,2906,0.8843771507226428,19,5,0.14211975223675155,0.0
FKBP4:HepG2,FKBP4,HepG2,dn,splicebert,2906,0.8843771507226428,19,5,0.14211975223675155,0.0
FMR1:K562,FMR1,K562,gc,cnn,8864,1.0,5,5,0.0,0.0
FMR1:K562,FMR1,K562,gc,splicebert,8864,1.0,5,5,0.0,0.0
FMR1:K562,FMR1,K562,dn,cnn,8890,1.0,5,5,0.0,0.0
FMR1:K562,FMR1,K562,dn,splicebert,8890,1.0,5,5,0.0,0.0
FXR1:K562,FXR1,K562,gc,cnn,2846,1.0,5,5,0.0,0.0
FXR1:K562,FXR1,K562,gc,splicebert,2846,1.0,5,5,0.0,0.0
FXR1:K562,FXR1,K562,dn,cnn,2850,1.0,5,5,0.0,0.0
FXR1:K562,FXR1,K562,dn,splicebert,2850,1.0,5,5,0.0,0.0
FXR2:K562,FXR2,K562,gc,cnn,9424,1.0,5,5,0.0,0.0
FXR2:K562,FXR2,K562,gc,splicebert,9424,1.0,5,5,0.0,0.0
FXR2:K562,FXR2,K562,dn,cnn,9490,1.0,5,5,0.0,0.0
FXR2:K562,FXR2,K562,dn,splicebert,9490,1.0,5,5,0.0,0.0
G3BP1:HepG2,G3BP1,HepG2,gc,cnn,12956,1.0,5,5,0.0,0.0
G3BP1:HepG2,G3BP1,HepG2,gc,splicebert,12956,1.0,5,5,0.0,0.0
G3BP1:HepG2,G3BP1,HepG2,dn,cnn,12964,1.0,5,5,0.0,0.0
G3BP1:HepG2,G3BP1,HepG2,dn,splicebert,12964,1.0,5,5,0.0,0.0
GARS:K562,GARS,K562,gc,cnn,1114,1.0,5,5,0.0,0.0
GARS:K562,GARS,K562,gc,splicebert,1114,1.0,5,5,0.0,0.0
GARS:K562,GARS,K562,dn,cnn,1132,1.0,5,5,0.0,0.0
GARS:K562,GARS,K562,dn,splicebert,1132,1.0,5,5,0.0,0.0
GEMIN5:K562,GEMIN5,K562,gc,cnn,5020,1.0,5,5,0.0,0.0
GEMIN5:K562,GEMIN5,K562,gc,splicebert,5020,1.0,5,5,0.0,0.0
GEMIN5:K562,GEMIN5,K562,dn,cnn,5280,1.0,5,5,0.0,0.0
GEMIN5:K562,GEMIN5,K562,dn,splicebert,5280,1.0,5,5,0.0,0.0
GRSF1:HepG2,GRSF1,HepG2,gc,cnn,1990,1.0,5,5,0.0,0.0
GRSF1:HepG2,GRSF1,HepG2,gc,splicebert,1990,1.0,5,5,0.0,0.0
GRSF1:HepG2,GRSF1,HepG2,dn,cnn,2016,1.0,5,5,0.0,0.0
GRSF1:HepG2,GRSF1,HepG2,dn,splicebert,2016,1.0,5,5,0.0,0.0
GRWD1:HepG2,GRWD1,HepG2,gc,cnn,44144,1.0,5,5,0.0,0.0
GRWD1:HepG2,GRWD1,HepG2,gc,splicebert,44144,1.0,5,5,0.0,0.0
GRWD1:HepG2,GRWD1,HepG2,dn,cnn,44156,1.0,5,5,0.0,0.0
GRWD1:HepG2,GRWD1,HepG2,dn,splicebert,44156,1.0,5,5,0.0,0.0
GRWD1:K562,GRWD1,K562,gc,cnn,8746,1.0,5,5,0.0,0.0
GRWD1:K562,GRWD1,K562,gc,splicebert,8746,1.0,5,5,0.0,0.0
GRWD1:K562,GRWD1,K562,dn,cnn,8750,1.0,5,5,0.0,0.0
GRWD1:K562,GRWD1,K562,dn,splicebert,8750,1.0,5,5,0.0,0.0
GTF2F1:HepG2,GTF2F1,HepG2,gc,cnn,8502,1.0,5,5,0.0,0.0
GTF2F1:HepG2,GTF2F1,HepG2,gc,splicebert,8502,1.0,5,5,0.0,0.0
GTF2F1:HepG2,GTF2F1,HepG2,dn,cnn,8940,0.851006711409396,23,5,0.14395973154362415,0.0
GTF2F1:HepG2,GTF2F1,HepG2,dn,splicebert,8940,0.851006711409396,23,5,0.14395973154362415,0.0
HLTF:HepG2,HLTF,HepG2,gc,cnn,7284,1.0,5,5,0.0,0.0
HLTF:HepG2,HLTF,HepG2,gc,splicebert,7284,1.0,5,5,0.0,0.0
HLTF:HepG2,HLTF,HepG2,dn,cnn,7290,1.0,5,5,0.0,0.0
HLTF:HepG2,HLTF,HepG2,dn,splicebert,7290,1.0,5,5,0.0,0.0
HNRNPC:K562,HNRNPC,K562,gc,cnn,1032,1.0,5,5,0.0,0.0
HNRNPC:K562,HNRNPC,K562,gc,splicebert,1032,1.0,5,5,0.0,0.0
HNRNPC:K562,HNRNPC,K562,dn,cnn,1032,1.0,5,5,0.0,0.0
HNRNPC:K562,HNRNPC,K562,dn,splicebert,1032,1.0,5,5,0.0,0.0
HNRNPL:K562,HNRNPL,K562,gc,cnn,11672,1.0,5,5,0.0,0.0
HNRNPL:K562,HNRNPL,K562,gc,splicebert,11672,1.0,5,5,0.0,0.0
HNRNPL:K562,HNRNPL,K562,dn,cnn,11680,1.0,5,5,0.0,0.0
HNRNPL:K562,HNRNPL,K562,dn,splicebert,11680,1.0,5,5,0.0,0.0
HNRNPM:HepG2,HNRNPM,HepG2,gc,cnn,26790,1.0,5,5,0.0,0.0
HNRNPM:HepG2,HNRNPM,HepG2,gc,splicebert,26790,1.0,5,5,0.0,0.0
HNRNPM:HepG2,HNRNPM,HepG2,dn,cnn,26846,0.9565670863443344,23,5,0.05639573865752812,0.0
HNRNPM:HepG2,HNRNPM,HepG2,dn,splicebert,26846,0.9565670863443344,23,5,0.05639573865752812,0.0
HNRNPUL1:HepG2,HNRNPUL1,HepG2,gc,cnn,926,1.0,5,5,0.0,0.0
HNRNPUL1:HepG2,HNRNPUL1,HepG2,gc,splicebert,926,1.0,5,5,0.0,0.0
HNRNPUL1:HepG2,HNRNPUL1,HepG2,dn,cnn,934,1.0,5,5,0.0,0.0
HNRNPUL1:HepG2,HNRNPUL1,HepG2,dn,splicebert,934,1.0,5,5,0.0,0.0
IGF2BP1:K562,IGF2BP1,K562,gc,cnn,11412,1.0,5,5,0.0,0.0
IGF2BP1:K562,IGF2BP1,K562,gc,splicebert,11412,1.0,5,5,0.0,0.0
IGF2BP1:K562,IGF2BP1,K562,dn,cnn,11412,1.0,5,5,0.0,0.0
IGF2BP1:K562,IGF2BP1,K562,dn,splicebert,11412,1.0,5,5,0.0,0.0
KHSRP:HepG2,KHSRP,HepG2,gc,cnn,10560,1.0,5,5,0.0,0.0
KHSRP:HepG2,KHSRP,HepG2,gc,splicebert,10560,1.0,5,5,0.0,0.0
KHSRP:HepG2,KHSRP,HepG2,dn,cnn,10578,1.0,5,5,0.0,0.0
KHSRP:HepG2,KHSRP,HepG2,dn,splicebert,10578,1.0,5,5,0.0,0.0
KHSRP:K562,KHSRP,K562,gc,cnn,46396,1.0,5,5,0.0,0.0
KHSRP:K562,KHSRP,K562,gc,splicebert,46396,1.0,5,5,0.0,0.0
KHSRP:K562,KHSRP,K562,dn,cnn,46380,0.89374730487279,23,5,0.09683053040103493,0.0
KHSRP:K562,KHSRP,K562,dn,splicebert,46380,0.89374730487279,23,5,0.09683053040103493,0.0
LARP4:HepG2,LARP4,HepG2,gc,cnn,10842,1.0,5,5,0.0,0.0
LARP4:HepG2,LARP4,HepG2,gc,splicebert,10842,1.0,5,5,0.0,0.0
LARP4:HepG2,LARP4,HepG2,dn,cnn,10858,1.0,5,5,0.0,0.0
LARP4:HepG2,LARP4,HepG2,dn,splicebert,10858,1.0,5,5,0.0,0.0
LARP4:K562,LARP4,K562,gc,cnn,860,1.0,5,5,0.0,0.0
LARP4:K562,LARP4,K562,gc,splicebert,860,1.0,5,5,0.0,0.0
LARP4:K562,LARP4,K562,dn,cnn,860,1.0,5,5,0.0,0.0
LARP4:K562,LARP4,K562,dn,splicebert,860,1.0,5,5,0.0,0.0
LIN28B:K562,LIN28B,K562,gc,cnn,13832,1.0,5,5,0.0,0.0
LIN28B:K562,LIN28B,K562,gc,splicebert,13832,1.0,5,5,0.0,0.0
LIN28B:K562,LIN28B,K562,dn,cnn,13832,1.0,5,5,0.0,0.0
LIN28B:K562,LIN28B,K562,dn,splicebert,13832,1.0,5,5,0.0,0.0
LSM11:K562,LSM11,K562,gc,cnn,2638,1.0,5,5,0.0,0.0
LSM11:K562,LSM11,K562,gc,splicebert,2638,1.0,5,5,0.0,0.0
LSM11:K562,LSM11,K562,dn,cnn,2678,1.0,5,5,0.0,0.0
LSM11:K562,LSM11,K562,dn,splicebert,2678,1.0,5,5,0.0,0.0
MATR3:HepG2,MATR3,HepG2,gc,cnn,13968,1.0,5,5,0.0,0.0
MATR3:HepG2,MATR3,HepG2,gc,splicebert,13968,1.0,5,5,0.0,0.0
MATR3:HepG2,MATR3,HepG2,dn,cnn,13982,1.0,5,5,0.0,0.0
MATR3:HepG2,MATR3,HepG2,dn,splicebert,13982,1.0,5,5,0.0,0.0
MATR3:K562,MATR3,K562,gc,cnn,9728,1.0,5,5,0.0,0.0
MATR3:K562,MATR3,K562,gc,splicebert,9728,1.0,5,5,0.0,0.0
MATR3:K562,MATR3,K562,dn,cnn,9732,0.9254007398273736,23,5,0.07357172215371968,0.0
MATR3:K562,MATR3,K562,dn,splicebert,9732,0.9254007398273736,23,5,0.07357172215371968,0.0
MBNL1:K562,MBNL1,K562,gc,cnn,2388,1.0,5,5,0.0,0.0
MBNL1:K562,MBNL1,K562,gc,splicebert,2388,1.0,5,5,0.0,0.0
MBNL1:K562,MBNL1,K562,dn,cnn,2404,1.0,5,5,0.0,0.0
MBNL1:K562,MBNL1,K562,dn,splicebert,2404,1.0,5,5,0.0,0.0
METTL1:K562,METTL1,K562,gc,cnn,962,1.0,5,5,0.0,0.0
METTL1:K562,METTL1,K562,gc,splicebert,962,1.0,5,5,0.0,0.0
METTL1:K562,METTL1,K562,dn,cnn,962,1.0,5,5,0.0,0.0
METTL1:K562,METTL1,K562,dn,splicebert,962,1.0,5,5,0.0,0.0
MORC2:K562,MORC2,K562,gc,cnn,1646,1.0,5,5,0.0,0.0
MORC2:K562,MORC2,K562,gc,splicebert,1646,1.0,5,5,0.0,0.0
MORC2:K562,MORC2,K562,dn,cnn,1782,1.0,5,5,0.0,0.0
MORC2:K562,MORC2,K562,dn,splicebert,1782,1.0,5,5,0.0,0.0
MTPAP:K562,MTPAP,K562,gc,cnn,2154,1.0,5,5,0.0,0.0
MTPAP:K562,MTPAP,K562,gc,splicebert,2154,1.0,5,5,0.0,0.0
MTPAP:K562,MTPAP,K562,dn,cnn,2166,1.0,5,5,0.0,0.0
MTPAP:K562,MTPAP,K562,dn,splicebert,2166,1.0,5,5,0.0,0.0
NCBP2:HepG2,NCBP2,HepG2,gc,cnn,6372,1.0,5,5,0.0,0.0
NCBP2:HepG2,NCBP2,HepG2,gc,splicebert,6372,1.0,5,5,0.0,0.0
NCBP2:HepG2,NCBP2,HepG2,dn,cnn,6452,1.0,5,5,0.0,0.0
NCBP2:HepG2,NCBP2,HepG2,dn,splicebert,6452,1.0,5,5,0.0,0.0
NKRF:HepG2,NKRF,HepG2,gc,cnn,7074,1.0,5,5,0.0,0.0
NKRF:HepG2,NKRF,HepG2,gc,splicebert,7074,1.0,5,5,0.0,0.0
NKRF:HepG2,NKRF,HepG2,dn,cnn,7584,0.6656118143459916,23,5,0.2190137130801688,0.0
NKRF:HepG2,NKRF,HepG2,dn,splicebert,7584,0.6656118143459916,23,5,0.2190137130801688,0.0
NOLC1:K562,NOLC1,K562,gc,cnn,3134,1.0,5,5,0.0,0.0
NOLC1:K562,NOLC1,K562,gc,splicebert,3134,1.0,5,5,0.0,0.0
NOLC1:K562,NOLC1,K562,dn,cnn,3140,1.0,5,5,0.0,0.0
NOLC1:K562,NOLC1,K562,dn,splicebert,3140,1.0,5,5,0.0,0.0
NONO:K562,NONO,K562,gc,cnn,22328,1.0,5,5,0.0,0.0
NONO:K562,NONO,K562,gc,splicebert,22328,1.0,5,5,0.0,0.0
NONO:K562,NONO,K562,dn,cnn,22666,0.7698755845760169,23,5,0.3014647489632048,0.0
NONO:K562,NONO,K562,dn,splicebert,22666,0.7698755845760169,23,5,0.3014647489632048,0.0
PCBP1:HepG2,PCBP1,HepG2,gc,cnn,1858,1.0,5,5,0.0,0.0
PCBP1:HepG2,PCBP1,HepG2,gc,splicebert,1858,1.0,5,5,0.0,0.0
PCBP1:HepG2,PCBP1,HepG2,dn,cnn,1880,1.0,5,5,0.0,0.0
PCBP1:HepG2,PCBP1,HepG2,dn,splicebert,1880,1.0,5,5,0.0,0.0
PCBP2:HepG2,PCBP2,HepG2,gc,cnn,17178,1.0,5,5,0.0,0.0
PCBP2:HepG2,PCBP2,HepG2,gc,splicebert,17178,1.0,5,5,0.0,0.0
PCBP2:HepG2,PCBP2,HepG2,dn,cnn,17040,0.6913145539906104,23,5,0.18497652582159624,0.0
PCBP2:HepG2,PCBP2,HepG2,dn,splicebert,17040,0.6913145539906104,23,5,0.18497652582159624,0.0
PHF6:K562,PHF6,K562,gc,cnn,1352,1.0,5,5,0.0,0.0
PHF6:K562,PHF6,K562,gc,splicebert,1352,1.0,5,5,0.0,0.0
PHF6:K562,PHF6,K562,dn,cnn,1390,1.0,5,5,0.0,0.0
PHF6:K562,PHF6,K562,dn,splicebert,1390,1.0,5,5,0.0,0.0
PPIL4:K562,PPIL4,K562,gc,cnn,1316,1.0,5,5,0.0,0.0
PPIL4:K562,PPIL4,K562,gc,splicebert,1316,1.0,5,5,0.0,0.0
PPIL4:K562,PPIL4,K562,dn,cnn,1318,1.0,5,5,0.0,0.0
PPIL4:K562,PPIL4,K562,dn,splicebert,1318,1.0,5,5,0.0,0.0
PRPF4:HepG2,PRPF4,HepG2,gc,cnn,17734,1.0,5,5,0.0,0.0
PRPF4:HepG2,PRPF4,HepG2,gc,splicebert,17734,1.0,5,5,0.0,0.0
PRPF4:HepG2,PRPF4,HepG2,dn,cnn,18310,0.5546695794647734,23,5,0.29852539595849265,0.0
PRPF4:HepG2,PRPF4,HepG2,dn,splicebert,18310,0.5546695794647734,23,5,0.29852539595849265,0.0
PTBP1:HepG2,PTBP1,HepG2,gc,cnn,16698,1.0,5,5,0.0,0.0
PTBP1:HepG2,PTBP1,HepG2,gc,splicebert,16698,1.0,5,5,0.0,0.0
PTBP1:HepG2,PTBP1,HepG2,dn,cnn,15976,0.607035553329995,23,5,0.1442163244867301,0.0
PTBP1:HepG2,PTBP1,HepG2,dn,splicebert,15976,0.607035553329995,23,5,0.1442163244867301,0.0
PTBP1:K562,PTBP1,K562,gc,cnn,15570,1.0,5,5,0.0,0.0
PTBP1:K562,PTBP1,K562,gc,splicebert,15570,1.0,5,5,0.0,0.0
PTBP1:K562,PTBP1,K562,dn,cnn,15216,0.5345688748685594,23,5,0.17041272344900105,0.0
PTBP1:K562,PTBP1,K562,dn,splicebert,15216,0.5345688748685594,23,5,0.17041272344900105,0.0
PUM1:K562,PUM1,K562,gc,cnn,5302,1.0,5,5,0.0,0.0
PUM1:K562,PUM1,K562,gc,splicebert,5302,1.0,5,5,0.0,0.0
PUM1:K562,PUM1,K562,dn,cnn,5316,1.0,5,5,0.0,0.0
PUM1:K562,PUM1,K562,dn,splicebert,5316,1.0,5,5,0.0,0.0
QKI:HepG2,QKI,HepG2,gc,cnn,19976,1.0,5,5,0.0,0.0
QKI:HepG2,QKI,HepG2,gc,splicebert,19976,1.0,5,5,0.0,0.0
QKI:HepG2,QKI,HepG2,dn,cnn,19980,1.0,5,5,0.0,0.0
QKI:HepG2,QKI,HepG2,dn,splicebert,19980,1.0,5,5,0.0,0.0
QKI:K562,QKI,K562,gc,cnn,4378,1.0,5,5,0.0,0.0
QKI:K562,QKI,K562,gc,splicebert,4378,1.0,5,5,0.0,0.0
QKI:K562,QKI,K562,dn,cnn,4378,1.0,5,5,0.0,0.0
QKI:K562,QKI,K562,dn,splicebert,4378,1.0,5,5,0.0,0.0
RBFOX2:K562,RBFOX2,K562,gc,cnn,6968,1.0,5,5,0.0,0.0
RBFOX2:K562,RBFOX2,K562,gc,splicebert,6968,1.0,5,5,0.0,0.0
RBFOX2:K562,RBFOX2,K562,dn,cnn,7038,1.0,5,5,0.0,0.0
RBFOX2:K562,RBFOX2,K562,dn,splicebert,7038,1.0,5,5,0.0,0.0
RBM15:HepG2,RBM15,HepG2,gc,cnn,2986,1.0,5,5,0.0,0.0
RBM15:HepG2,RBM15,HepG2,gc,splicebert,2986,1.0,5,5,0.0,0.0
RBM15:HepG2,RBM15,HepG2,dn,cnn,3000,1.0,5,5,0.0,0.0
RBM15:HepG2,RBM15,HepG2,dn,splicebert,3000,1.0,5,5,0.0,0.0
RPS3:HepG2,RPS3,HepG2,gc,cnn,11294,1.0,5,5,0.0,0.0
RPS3:HepG2,RPS3,HepG2,gc,splicebert,11294,1.0,5,5,0.0,0.0
RPS3:HepG2,RPS3,HepG2,dn,cnn,11316,1.0,5,5,0.0,0.0
RPS3:HepG2,RPS3,HepG2,dn,splicebert,11316,1.0,5,5,0.0,0.0
RPS3:K562,RPS3,K562,gc,cnn,4738,1.0,5,5,0.0,0.0
RPS3:K562,RPS3,K562,gc,splicebert,4738,1.0,5,5,0.0,0.0
RPS3:K562,RPS3,K562,dn,cnn,4744,1.0,5,5,0.0,0.0
RPS3:K562,RPS3,K562,dn,splicebert,4744,1.0,5,5,0.0,0.0
SAFB2:K562,SAFB2,K562,gc,cnn,7488,1.0,5,5,0.0,0.0
SAFB2:K562,SAFB2,K562,gc,splicebert,7488,1.0,5,5,0.0,0.0
SAFB2:K562,SAFB2,K562,dn,cnn,7488,1.0,5,5,0.0,0.0
SAFB2:K562,SAFB2,K562,dn,splicebert,7488,1.0,5,5,0.0,0.0
SLTM:K562,SLTM,K562,gc,cnn,7148,1.0,5,5,0.0,0.0
SLTM:K562,SLTM,K562,gc,splicebert,7148,1.0,5,5,0.0,0.0
SLTM:K562,SLTM,K562,dn,cnn,7278,0.9354218191810937,19,5,0.09851607584501236,0.0
SLTM:K562,SLTM,K562,dn,splicebert,7278,0.9354218191810937,19,5,0.09851607584501236,0.0
SMNDC1:K562,SMNDC1,K562,gc,cnn,4896,1.0,5,5,0.0,0.0
SMNDC1:K562,SMNDC1,K562,gc,splicebert,4896,1.0,5,5,0.0,0.0
SMNDC1:K562,SMNDC1,K562,dn,cnn,4930,0.9521298174442191,18,5,0.05821501014198783,0.0
SMNDC1:K562,SMNDC1,K562,dn,splicebert,4930,0.9521298174442191,18,5,0.05821501014198783,0.0
SND1:K562,SND1,K562,gc,cnn,8260,1.0,5,5,0.0,0.0
SND1:K562,SND1,K562,gc,splicebert,8260,1.0,5,5,0.0,0.0
SND1:K562,SND1,K562,dn,cnn,8264,1.0,5,5,0.0,0.0
SND1:K562,SND1,K562,dn,splicebert,8264,1.0,5,5,0.0,0.0
SRSF1:HepG2,SRSF1,HepG2,gc,cnn,3574,1.0,5,5,0.0,0.0
SRSF1:HepG2,SRSF1,HepG2,gc,splicebert,3574,1.0,5,5,0.0,0.0
SRSF1:HepG2,SRSF1,HepG2,dn,cnn,3582,1.0,5,5,0.0,0.0
SRSF1:HepG2,SRSF1,HepG2,dn,splicebert,3582,1.0,5,5,0.0,0.0
SRSF1:K562,SRSF1,K562,gc,cnn,7722,1.0,5,5,0.0,0.0
SRSF1:K562,SRSF1,K562,gc,splicebert,7722,1.0,5,5,0.0,0.0
SRSF1:K562,SRSF1,K562,dn,cnn,7728,1.0,5,5,0.0,0.0
SRSF1:K562,SRSF1,K562,dn,splicebert,7728,1.0,5,5,0.0,0.0
STAU2:HepG2,STAU2,HepG2,gc,cnn,1684,1.0,5,5,0.0,0.0
STAU2:HepG2,STAU2,HepG2,gc,splicebert,1684,1.0,5,5,0.0,0.0
STAU2:HepG2,STAU2,HepG2,dn,cnn,1696,1.0,5,5,0.0,0.0
STAU2:HepG2,STAU2,HepG2,dn,splicebert,1696,1.0,5,5,0.0,0.0
SUB1:HepG2,SUB1,HepG2,gc,cnn,6592,1.0,5,5,0.0,0.0
SUB1:HepG2,SUB1,HepG2,gc,splicebert,6592,1.0,5,5,0.0,0.0
SUB1:HepG2,SUB1,HepG2,dn,cnn,6594,1.0,5,5,0.0,0.0
SUB1:HepG2,SUB1,HepG2,dn,splicebert,6594,1.0,5,5,0.0,0.0
TAF15:HepG2,TAF15,HepG2,gc,cnn,1536,1.0,5,5,0.0,0.0
TAF15:HepG2,TAF15,HepG2,gc,splicebert,1536,1.0,5,5,0.0,0.0
TAF15:HepG2,TAF15,HepG2,dn,cnn,1536,1.0,5,5,0.0,0.0
TAF15:HepG2,TAF15,HepG2,dn,splicebert,1536,1.0,5,5,0.0,0.0
TIA1:HepG2,TIA1,HepG2,gc,cnn,3458,1.0,5,5,0.0,0.0
TIA1:HepG2,TIA1,HepG2,gc,splicebert,3458,1.0,5,5,0.0,0.0
TIA1:HepG2,TIA1,HepG2,dn,cnn,3458,1.0,5,5,0.0,0.0
TIA1:HepG2,TIA1,HepG2,dn,splicebert,3458,1.0,5,5,0.0,0.0
TIA1:K562,TIA1,K562,gc,cnn,11662,1.0,5,5,0.0,0.0
TIA1:K562,TIA1,K562,gc,splicebert,11662,1.0,5,5,0.0,0.0
TIA1:K562,TIA1,K562,dn,cnn,11766,1.0,5,5,0.0,0.0
TIA1:K562,TIA1,K562,dn,splicebert,11766,1.0,5,5,0.0,0.0
TRA2A:HepG2,TRA2A,HepG2,gc,cnn,1840,1.0,5,5,0.0,0.0
TRA2A:HepG2,TRA2A,HepG2,gc,splicebert,1840,1.0,5,5,0.0,0.0
TRA2A:HepG2,TRA2A,HepG2,dn,cnn,1842,1.0,5,5,0.0,0.0
TRA2A:HepG2,TRA2A,HepG2,dn,splicebert,1842,1.0,5,5,0.0,0.0
U2AF1:K562,U2AF1,K562,gc,cnn,2458,1.0,5,5,0.0,0.0
U2AF1:K562,U2AF1,K562,gc,splicebert,2458,1.0,5,5,0.0,0.0
U2AF1:K562,U2AF1,K562,dn,cnn,2460,1.0,5,5,0.0,0.0
U2AF1:K562,U2AF1,K562,dn,splicebert,2460,1.0,5,5,0.0,0.0
U2AF2:HepG2,U2AF2,HepG2,gc,cnn,21398,1.0,5,5,0.0,0.0
U2AF2:HepG2,U2AF2,HepG2,gc,splicebert,21398,1.0,5,5,0.0,0.0
U2AF2:HepG2,U2AF2,HepG2,dn,cnn,21404,1.0,5,5,0.0,0.0
U2AF2:HepG2,U2AF2,HepG2,dn,splicebert,21404,1.0,5,5,0.0,0.0
UCHL5:HepG2,UCHL5,HepG2,gc,cnn,4462,1.0,5,5,0.0,0.0
UCHL5:HepG2,UCHL5,HepG2,gc,splicebert,4462,1.0,5,5,0.0,0.0
UCHL5:HepG2,UCHL5,HepG2,dn,cnn,4466,1.0,5,5,0.0,0.0
UCHL5:HepG2,UCHL5,HepG2,dn,splicebert,4466,1.0,5,5,0.0,0.0
XPO5:HepG2,XPO5,HepG2,gc,cnn,9114,1.0,5,5,0.0,0.0
XPO5:HepG2,XPO5,HepG2,gc,splicebert,9114,1.0,5,5,0.0,0.0
XPO5:HepG2,XPO5,HepG2,dn,cnn,9230,0.8517876489707475,23,5,0.09826652221018418,0.0
XPO5:HepG2,XPO5,HepG2,dn,splicebert,9230,0.8517876489707475,23,5,0.09826652221018418,0.0
YBX3:HepG2,YBX3,HepG2,gc,cnn,4082,1.0,5,5,0.0,0.0
YBX3:HepG2,YBX3,HepG2,gc,splicebert,4082,1.0,5,5,0.0,0.0
YBX3:HepG2,YBX3,HepG2,dn,cnn,4084,1.0,5,5,0.0,0.0
YBX3:HepG2,YBX3,HepG2,dn,splicebert,4084,1.0,5,5,0.0,0.0
YBX3:K562,YBX3,K562,gc,cnn,35958,1.0,5,5,0.0,0.0
YBX3:K562,YBX3,K562,gc,splicebert,35958,1.0,5,5,0.0,0.0
YBX3:K562,YBX3,K562,dn,cnn,35958,1.0,5,5,0.0,0.0
YBX3:K562,YBX3,K562,dn,splicebert,35958,1.0,5,5,0.0,0.0
YWHAG:K562,YWHAG,K562,gc,cnn,1580,1.0,5,5,0.0,0.0
YWHAG:K562,YWHAG,K562,gc,splicebert,1580,1.0,5,5,0.0,0.0
YWHAG:K562,YWHAG,K562,dn,cnn,1596,1.0,5,5,0.0,0.0
YWHAG:K562,YWHAG,K562,dn,splicebert,1596,1.0,5,5,0.0,0.0
ZNF622:K562,ZNF622,K562,gc,cnn,29934,1.0,5,5,0.0,0.0
ZNF622:K562,ZNF622,K562,gc,splicebert,29934,1.0,5,5,0.0,0.0
ZNF622:K562,ZNF622,K562,dn,cnn,29938,1.0,5,5,0.0,0.0
ZNF622:K562,ZNF622,K562,dn,splicebert,29938,1.0,5,5,0.0,0.0
ZNF800:HepG2,ZNF800,HepG2,gc,cnn,5872,1.0,5,5,0.0,0.0
ZNF800:HepG2,ZNF800,HepG2,gc,splicebert,5872,1.0,5,5,0.0,0.0
ZNF800:HepG2,ZNF800,HepG2,dn,cnn,5876,1.0,5,5,0.0,0.0
ZNF800:HepG2,ZNF800,HepG2,dn,splicebert,5876,1.0,5,5,0.0,0.0
ZNF800:K562,ZNF800,K562,gc,cnn,4860,1.0,5,5,0.0,0.0
ZNF800:K562,ZNF800,K562,gc,splicebert,4860,1.0,5,5,0.0,0.0
ZNF800:K562,ZNF800,K562,dn,cnn,4872,1.0,5,5,0.0,0.0
ZNF800:K562,ZNF800,K562,dn,splicebert,4872,1.0,5,5,0.0,0.0
