dataset,protein,cell,pairs,auroc_gc,auroc_dn,cost,composition_auroc_gc,composition_auroc_dn,delta_auroc_gc,delta_auroc_dn,delta_p_gc,delta_p_dn,helps_gc,helps_dn,contrast,total_gain,dominant,dominant_frac,frac_exon_nc,frac_intron,frac_utr5,frac_utr3,frac_cds
AATF:K562,AATF,K562,1043,0.8514472137217574,0.6765842775858514,-0.1748629361359059,0.843218130457444,0.6370929716120938,0.0164462163406869,0.0473043341340333,5.7781403660421855e-06,4.2752781470820314e-09,True,True,0.030858117793346403,0.0637505504747202,exon_nc,0.47555129434324067,0.47555129434324067,0.40076701821668265,0.05560882070949185,0.04697986577181208,0.02109300095877277
AKAP1:HepG2,AKAP1,HepG2,5925,0.7188831134611618,0.6153589788956157,-0.1035241345655461,0.7162465559294272,0.5841359480774917,0.008565037654222,0.0325077127206188,3.260897237964455e-08,2.40109441455866e-16,True,True,0.0239426750663968,0.0410727503748408,utr3,0.9632067510548523,0.0060759493670886075,0.012658227848101266,0.006413502109704641,0.9632067510548523,0.011645569620253165
AQR:HepG2,AQR,HepG2,10929,0.7489207345281841,0.7327253288286233,-0.0161954056995607,0.6394277921976217,0.5986089382595707,0.1041354012411657,0.1337387944568157,2.9034046767785243e-200,2.0085975399962792e-252,True,True,0.02960339321564999,0.2378741956979814,intron,0.42318601884893403,0.20660627687803093,0.42318601884893403,0.07777472778845274,0.11766858815994144,0.17476438832464086
BCCIP:HepG2,BCCIP,HepG2,538,0.8613617832810492,0.6670085811352708,-0.1943532021457783,0.9123388289271844,0.6880432051383549,0.0004422271665676,0.0129698025271838,0.7626146624796225,0.0756172343368936,False,False,0.012527575360616201,0.0134120296937514,intron,0.8438661710037175,0.07992565055762081,0.8438661710037175,0.020446096654275093,0.05018587360594796,0.0055762081784386614
BCLAF1:HepG2,BCLAF1,HepG2,32384,0.7750544896747308,0.7064597425081852,-0.0685947471665455,0.7064200211804931,0.5665554522606242,0.0695404270618317,0.1403477282498013,0.0,0.0,True,True,0.0708073011879696,0.209888155311633,cds,0.5937808794466403,0.01871294466403162,0.006484683794466403,0.04662796442687747,0.3343935276679842,0.5937808794466403
BUD13:K562,BUD13,K562,8804,0.7337777286603648,0.6804350218647259,-0.0533427067956389,0.6641432165710477,0.5682500047878961,0.0697152109208134,0.1119293944907274,1.202008247860114e-101,4.481381612117645e-126,True,True,0.04221418356991401,0.18164460541154082,cds,0.35256701499318494,0.16549295774647887,0.19320763289413903,0.06724216265333939,0.22149023171285778,0.35256701499318494
CDC40:HepG2,CDC40,HepG2,1158,0.7924209747614402,0.6236487903178838,-0.1687721844435564,0.8092901822867729,0.6697639168773077,0.0074908796955025,0.0053553332013187,0.0027497787674895,0.1134775219779982,True,False,-0.0021355464941838,0.0128462128968212,intron,0.6260794473229706,0.12694300518134716,0.6260794473229706,0.037132987910189985,0.1692573402417962,0.04058721934369603
CSTF2T:HepG2,CSTF2T,HepG2,19533,0.7892049881289833,0.7425992712400209,-0.0466057168889624,0.7687594304640972,0.7190416786717082,0.020681667774459,0.0237559455305635,4.365542257055459e-72,1.3741212176625296e-53,True,True,0.0030742777561044987,0.0444376133050225,intron,0.8338196897557979,0.06266318537859007,0.8338196897557979,0.059540265192238775,0.028259867915834742,0.015716991757538525
DDX24:K562,DDX24,K562,9590,0.7415743393633227,0.7068258138020834,-0.0347485255612393,0.645736282471857,0.5573174913194445,0.0946368904000409,0.1487126519097221,2.310158964192632e-159,3.497933174841387e-213,True,True,0.0540757615096812,0.24334954230976302,cds,0.5285714285714286,0.05453597497393118,0.02940563086548488,0.05995828988529719,0.3275286757038582,0.5285714285714286
DDX55:HepG2,DDX55,HepG2,1685,0.7711269800737877,0.6387742049872721,-0.1323527750865155,0.7710354057885513,0.5968825679062378,0.0125868855057278,0.044452676356401,3.830641493469533e-06,3.4776879927026413e-08,True,True,0.031865790850673203,0.0570395618621288,utr3,0.8836795252225519,0.010089020771513354,0.002967359050445104,0.02314540059347181,0.8836795252225519,0.08011869436201781
DDX55:K562,DDX55,K562,1100,0.6591454545454545,0.6092017742932071,-0.0499436802522473,0.6753347107438016,0.59636726912451,0.0106214876033058,0.0211425332927459,0.0144383387773848,0.0088121409582114,True,True,0.010521045689440098,0.031764020896051695,utr3,0.7454545454545455,0.01090909090909091,0.01090909090909091,0.05909090909090909,0.7454545454545455,0.17363636363636364
DDX59:HepG2,DDX59,HepG2,3052,0.8656496223605172,0.7366844684629017,-0.1289651538976155,0.8695836174719026,0.7296360973854217,0.0036719363277673,0.0190220606521474,0.0003015474697665,2.8278530301483915e-10,True,True,0.015350124324380099,0.0226939969799147,intron,0.653997378768021,0.07568807339449542,0.653997378768021,0.08322411533420708,0.08977719528178243,0.0973132372214941
DDX6:HepG2,DDX6,HepG2,490,0.7492919616826321,0.6728560907471333,-0.0764358709354988,0.7645439400249896,0.6203152450740386,0.0131611828404831,0.0544293537517126,0.0147400535489446,7.115104389028379e-05,True,True,0.0412681709112295,0.0675905365921957,utr3,0.45510204081632655,0.06326530612244897,0.38571428571428573,0.02857142857142857,0.45510204081632655,0.0673469387755102
DDX6:K562,DDX6,K562,1939,0.7948180197413586,0.6491608505962153,-0.1456571691451432,0.794392722225931,0.5995970722326516,0.0110415107929551,0.0497019250266546,1.1677588650727346e-05,5.876808918087815e-12,True,True,0.0386604142336995,0.060743435819609705,utr3,0.6436307374935534,0.039195461578133056,0.1665807117070655,0.07168643630737494,0.6436307374935534,0.07890665291387312
DGCR8:K562,DGCR8,K562,1236,0.6417880258899676,0.5450885950335317,-0.0966994308564359,0.6942212324965176,0.5642400776046508,-0.0005937045066557,-0.0013560431819181,0.577870275365231,0.7435340640967957,False,False,-0.0007623386752624,-0.0019497476885738001,exon_nc,0.4166666666666667,0.4166666666666667,0.40372168284789645,0.061488673139158574,0.05177993527508091,0.06634304207119741
DHX30:K562,DHX30,K562,795,0.7293224160436692,0.5871665566971439,-0.1421558593465253,0.746954629959258,0.6249985271938919,0.0109615917091886,0.004247572815534,0.0283895071561393,0.2951194349487029,True,False,-0.0067140188936545995,0.0152091645247226,intron,0.6289308176100629,0.09056603773584905,0.6289308176100629,0.10817610062893082,0.06666666666666667,0.10566037735849057
DROSHA:HepG2,DROSHA,HepG2,2152,0.7408864063514877,0.653149696762334,-0.0877367095891537,0.7368063856911872,0.6146915126997545,0.017364973880958,0.0455525282104951,1.2264197140098984e-07,6.863672138065868e-12,True,True,0.028187554329537103,0.06291750209145311,intron,0.7142193308550185,0.17007434944237917,0.7142193308550185,0.05065055762081784,0.04553903345724907,0.019516728624535316
DROSHA:K562,DROSHA,K562,3786,0.8100498988544278,0.6803537496187338,-0.1296961492356939,0.8074519827127442,0.6667756883584602,0.0097482899854302,0.0217065385286637,1.1146843064320136e-09,3.2012460930359076e-11,True,True,0.011958248543233501,0.0314548285140939,intron,0.5615425250924458,0.15478077126254622,0.5615425250924458,0.16561014263074486,0.04463814051769678,0.0734284204965663
EFTUD2:HepG2,EFTUD2,HepG2,7124,0.8066017165721772,0.7154900845737441,-0.091111631998433,0.7878537913927692,0.6804083322913396,0.0203756642972599,0.0379816624071349,1.253066285080262e-34,3.515384390099158e-38,True,True,0.017605998109875003,0.0583573267043948,intron,0.5334081976417743,0.2696518809657496,0.5334081976417743,0.07973048848961257,0.05446378439079169,0.06274564851207187
EIF3H:HepG2,EIF3H,HepG2,2827,0.6808324998883248,0.6283385601200165,-0.0524939397683082,0.6428035083895264,0.5360915106610489,0.0395669180744725,0.0885841841823869,1.7211175303316853e-15,9.309997224862808e-25,True,True,0.049017266107914396,0.12815110225685938,cds,0.6002829854969933,0.01874778917580474,0.007782101167315175,0.08206579412805094,0.2911213300318359,0.6002829854969933
ELAC2:K562,ELAC2,K562,13144,0.9588729264749956,0.8714384786677357,-0.0874344478072598,0.9531685216131144,0.850231519139482,0.0053072636304665,0.0203047982363016,1.485883421092219e-40,1.125815035138879e-81,True,True,0.014997534605835099,0.0256120618667681,intron,0.8269933049300061,0.06588557516737675,0.8269933049300061,0.027845404747413267,0.07220024345709068,0.007075471698113208
ELAVL1:K562,ELAVL1,K562,8821,0.9475586576287756,0.7419502626814487,-0.2056083949473268,0.9415679526502242,0.6968694537497894,0.0063872990376653,0.0488000124210727,5.554737629970328e-33,8.171422886103862e-70,True,True,0.0424127133834074,0.055187311458738,intron,0.5554925745380342,0.05022106337149983,0.5554925745380342,0.013150436458451422,0.37750821902278653,0.003627706609227979
EXOSC5:HepG2,EXOSC5,HepG2,713,0.8823846457986226,0.6539073541849171,-0.2284772916137055,0.9246039786060912,0.688518510810192,-0.0004720980232862,0.0026242647044911,0.0306375701720518,0.4708740215476018,False,False,0.0030963627277773,0.0021521666812049,intron,0.8387096774193549,0.07713884992987377,0.8387096774193549,0.0364656381486676,0.04067321178120617,0.0070126227208976155
FASTKD2:HepG2,FASTKD2,HepG2,823,0.7628715144339014,0.5934958270509036,-0.1693756873829978,0.8015262892922052,0.6048772006201024,0.0015708761916291,0.0054882775170421,0.4445729180334541,0.2766690446550588,False,False,0.0039174013254129995,0.0070591537086712,intron,0.4422843256379101,0.11907654921020656,0.4422843256379101,0.1117861482381531,0.1117861482381531,0.21506682867557717
FASTKD2:K562,FASTKD2,K562,508,0.8871055242110484,0.6702182704483872,-0.2168872537626611,0.9251736003472008,0.7303992320366008,-0.0003681257362515,0.0004187034490271,0.6508956153095329,0.8595429797638502,False,False,0.0007868291852785999,5.057771277559999e-05,intron,0.6299212598425197,0.13385826771653545,0.6299212598425197,0.11220472440944881,0.10236220472440945,0.021653543307086614
FKBP4:HepG2,FKBP4,HepG2,1370,0.8139410730459802,0.7055426476125245,-0.1083984254334556,0.8362709787415419,0.7182212328935593,0.0013229261015504,0.0067673675427459,0.2854675858317439,0.0392358732213667,False,True,0.0054444414411955,0.0080902936442963,intron,0.7445255474452555,0.13138686131386862,0.7445255474452555,0.08394160583941605,0.021167883211678833,0.01897810218978102
FMR1:K562,FMR1,K562,4432,0.7066851658922962,0.6617104695433882,-0.044974696348908,0.6427784801053058,0.5572480549042732,0.0682482645903113,0.1025731569830485,1.7186973115744042e-46,6.231800162714713e-54,True,True,0.0343248923927372,0.1708214215733598,cds,0.6367328519855595,0.003384476534296029,0.004061371841155234,0.1069494584837545,0.24887184115523467,0.6367328519855595
FXR1:K562,FXR1,K562,1423,0.6849756213674653,0.6455199753770392,-0.039455645990426,0.653011537688482,0.5759394275161588,0.0317858058233152,0.0666262850107726,4.735474862559045e-08,1.3290524403160452e-12,True,True,0.0348404791874574,0.0984120908340878,cds,0.6823612087139845,0.0,0.0028109627547434997,0.011946591707659873,0.30288123682361207,0.6823612087139845
FXR2:K562,FXR2,K562,4712,0.6969556379550388,0.6584832572915198,-0.0384723806635189,0.6447002253394865,0.5693980353119751,0.0492318496141773,0.0881022783674455,2.432996515232597e-32,4.579469727224837e-47,True,True,0.038870428753268196,0.1373341279816228,cds,0.5267402376910016,0.029499151103565366,0.07576400679117147,0.14473684210526316,0.2232597623089983,0.5267402376910016
G3BP1:HepG2,G3BP1,HepG2,6478,0.75587608797954,0.6901700158252777,-0.0657060721542622,0.6887407694563812,0.5643923299906008,0.06710248123151,0.1243599511466067,3.4111673363078463e-84,7.136366448260162e-108,True,True,0.0572574699150967,0.1914624323781167,cds,0.5856745909231245,0.0009262117937635072,0.0004631058968817536,0.03874652670577339,0.37418956468045694,0.5856745909231245
GARS:K562,GARS,K562,557,0.7086275862291256,0.6503795777197868,-0.0582480085093387,0.7452852386309061,0.6163174718126085,0.00147623360591,0.0414944624105682,0.6945140268306751,0.000175041358294,False,True,0.0400182288046582,0.0429706960164782,intron,0.36804308797127466,0.23877917414721722,0.36804308797127466,0.07001795332136446,0.15439856373429084,0.1687612208258528
GEMIN5:K562,GEMIN5,K562,2510,0.7609206203076141,0.6644827536730946,-0.0964378666345194,0.7553554705480865,0.6292791551882462,0.0138923191695369,0.0386821338383837,2.87965631939472e-08,2.1767690248861916e-12,True,True,0.024789814668846805,0.0525744530079206,utr5,0.4239043824701195,0.08127490039840637,0.22270916334661356,0.4239043824701195,0.055378486055776895,0.21673306772908366
GRSF1:HepG2,GRSF1,HepG2,995,0.8169318956592004,0.6171127015621063,-0.1998191940970941,0.8534319840408071,0.6227540784832452,-0.0002656498573269,0.0138997149785841,0.7250820271538343,0.0233369129843908,False,True,0.014165364835911,0.0136340651212572,utr3,0.4190954773869347,0.05628140703517588,0.16080402010050251,0.1457286432160804,0.4190954773869347,0.21809045226130652
GRWD1:HepG2,GRWD1,HepG2,22072,0.7790078445697044,0.7228726407844653,-0.056135203785239,0.6995532968415601,0.56857438328516,0.0797571136427739,0.1539028965163911,0.0,0.0,True,True,0.07414578287361721,0.233660010159165,cds,0.5753896339253353,0.024465386009423704,0.010601667270750272,0.0871692642261689,0.30237404856832184,0.5753896339253353
GRWD1:K562,GRWD1,K562,4373,0.8194727442355275,0.718397544489796,-0.1010751997457315,0.7715631160570008,0.5858371918367347,0.0482827888678679,0.1308482873469387,1.6673350510556248e-52,2.9847621549535155e-91,True,True,0.0825654984790708,0.17913107621480662,cds,0.5549965698605077,0.0340727189572376,0.013491882003201464,0.06563000228675966,0.33180882689229363,0.5549965698605077
GTF2F1:HepG2,GTF2F1,HepG2,4251,0.8818035591940923,0.7614513462418514,-0.1203522129522408,0.8778375918412046,0.7469810664488401,0.010593104388628,0.0214514042453781,3.585813998614395e-15,2.4487828835939147e-18,True,True,0.0108582998567501,0.0320445086340061,intron,0.6763114561279698,0.08774406022112444,0.6763114561279698,0.13926135027052458,0.07127734650670431,0.025405786873676783
HLTF:HepG2,HLTF,HepG2,3642,0.6737559185788112,0.6017112718062777,-0.0720446467725335,0.6510926734621195,0.5431476306871318,0.0243642946513628,0.060175259342053,1.3529855817380926e-11,2.1893659653937485e-17,True,True,0.0358109646906902,0.0845395539934158,intron,0.47391543108182316,0.09253157605711147,0.47391543108182316,0.024986271279516747,0.1471718835804503,0.2613948380010983
HNRNPC:K562,HNRNPC,K562,516,0.9356897121567214,0.7166861967429843,-0.219003515413737,0.9479748813172284,0.6668657232137493,0.0066552490835887,0.051345321795565,0.0044250145518992,2.4086007131102183e-05,True,True,0.0446900727119763,0.0580005708791537,intron,0.5910852713178295,0.11046511627906977,0.5910852713178295,0.025193798449612403,0.2713178294573643,0.001937984496124031
HNRNPL:K562,HNRNPL,K562,5836,0.8914116887405863,0.7739373006192531,-0.1174743881213331,0.8732692333891269,0.7281126853068118,0.0199987985517792,0.0473536603959466,9.377228119060034e-39,4.493530019822728e-53,True,True,0.0273548618441674,0.0673524589477258,intron,0.8668608636052091,0.0707676490747087,0.8668608636052091,0.004626456477039068,0.0520904729266621,0.005654557916381083
HNRNPM:HepG2,HNRNPM,HepG2,13395,0.9452514483336516,0.7690603329130999,-0.1761911154205516,0.9338788729226988,0.7029065080801772,0.0127472199197413,0.067430264615066,6.654169495155139e-77,6.948563382182441e-169,True,True,0.0546830446953247,0.0801774845348073,intron,0.9075027995520717,0.04845091452034341,0.9075027995520717,0.019783501306457632,0.019634191862635313,0.004628592758491975
HNRNPUL1:HepG2,HNRNPUL1,HepG2,463,0.7764788752105015,0.5809967490336514,-0.1954821261768501,0.804449337357547,0.5935695977330356,0.0047534858118478,0.0084185814048394,0.2208334037972913,0.2767934016466981,False,False,0.0036650955929915996,0.013172067216687199,intron,0.6393088552915767,0.30669546436285094,0.6393088552915767,0.03455723542116631,0.017278617710583154,0.0021598272138228943
IGF2BP1:K562,IGF2BP1,K562,5706,0.7268267431519131,0.6304200545751031,-0.09640668857681,0.6859930556860901,0.567448417976834,0.0408252718281676,0.0645524557752099,2.2578063389582772e-34,2.4846342578635424e-34,True,True,0.023727183947042305,0.1053777276033775,utr3,0.6901507185418857,0.02103049421661409,0.041710480196284615,0.025061338941465124,0.6901507185418857,0.22204696810375044
KHSRP:HepG2,KHSRP,HepG2,5280,0.8884034951790634,0.7353382507693615,-0.1530652444097018,0.8599891672405876,0.6447149788544675,0.0286389104109275,0.0913286890127274,4.5890747412339597e-48,3.539485915596634e-79,True,True,0.06268977860179989,0.1199675994236549,intron,0.6865530303030303,0.16609848484848486,0.6865530303030303,0.011931818181818182,0.13106060606060607,0.004356060606060606
KHSRP:K562,KHSRP,K562,23198,0.9167134017108076,0.7545567402493343,-0.1621566614614733,0.8967359254364908,0.6855158643160228,0.0200567018090463,0.0696520801128947,2.489329248777012e-176,1.001732305337966e-265,True,True,0.0495953783038484,0.089708781921941,intron,0.8013190792309682,0.11880334511595828,0.8013190792309682,0.005862574359858609,0.07082507112682128,0.0031899301663936546
LARP4:HepG2,LARP4,HepG2,5421,0.682985109081863,0.6299279762825871,-0.0530571327992759,0.6499371955332587,0.5621258381231131,0.0330614228127098,0.0645659684058932,1.4951639508436913e-21,1.5443635127199614e-31,True,True,0.03150454559318339,0.097627391218603,utr3,0.6843755764619074,0.011252536432392548,0.04501014572957019,0.0549714074893931,0.6843755764619074,0.20439033388673677
LARP4:K562,LARP4,K562,430,0.6770037858301785,0.6009572742022714,-0.0760465116279071,0.7424391563007031,0.5990427257977285,0.0023904813412654,0.0135803136830718,0.4891625876769869,0.1911500712507573,False,False,0.011189832341806401,0.015970795024337202,utr3,0.4883720930232558,0.023255813953488372,0.1813953488372093,0.14883720930232558,0.4883720930232558,0.15813953488372093
LIN28B:K562,LIN28B,K562,6916,0.7553976019262465,0.6687583272257255,-0.086639274700521,0.7304572995419546,0.5736810201305194,0.0333439219907668,0.094841267982877,1.2925815462178756e-43,7.508440206640821e-76,True,True,0.061497345992110194,0.1281851899736438,utr3,0.4723828802776171,0.02443609022556391,0.05610179294389821,0.05133024869866975,0.4723828802776171,0.395748987854251
LSM11:K562,LSM11,K562,1319,0.7554802067640325,0.7027147319932111,-0.0527654747708213,0.7270613607271345,0.6033963571177983,0.0343098850934122,0.0932812990644874,3.577422818135572e-11,6.256618058464579e-20,True,True,0.0589714139710752,0.1275911841578996,intron,0.5860500379075056,0.14404852160727824,0.5860500379075056,0.04245640636846096,0.20090978013646701,0.026535253980288095
MATR3:HepG2,MATR3,HepG2,6984,0.929502071663721,0.6975058620539585,-0.2319962096097625,0.920244227027183,0.6461099289007604,0.0098022488646936,0.0523280427513306,2.637750560245873e-31,1.750989069311522e-47,True,True,0.042525793886637,0.0621302916160242,intron,0.9354238258877434,0.04209621993127148,0.9354238258877434,0.003293241695303551,0.015320733104238258,0.003865979381443299
MATR3:K562,MATR3,K562,4864,0.9599942025055186,0.7411466597876946,-0.218847542717824,0.9562815404664776,0.6839996028373394,0.0049857353569727,0.0574809540147807,4.481004149170468e-16,1.6803262264943106e-46,True,True,0.052495218657808,0.0624666893717534,intron,0.9070723684210527,0.05098684210526316,0.9070723684210527,0.003700657894736842,0.032689144736842105,0.005550986842105263
MBNL1:K562,MBNL1,K562,1194,0.7928777051084568,0.6977500062292187,-0.0951276988792381,0.7743344023299076,0.6282679173091991,0.0338550653883599,0.0706296494195751,1.0653034773336788e-10,2.4940920494450365e-13,True,True,0.036774584031215196,0.104484714807935,intron,0.5443886097152428,0.13651591289782244,0.5443886097152428,0.02847571189279732,0.24371859296482412,0.04690117252931323
METTL1:K562,METTL1,K562,481,0.7089569979382869,0.6911320404043898,-0.0178249575338971,0.7281304973612667,0.6124454856263588,0.0115576955493794,0.0758295477630197,0.0364257594178674,6.214019021243801e-07,True,True,0.0642718522136403,0.0873872433123991,intron,0.7006237006237006,0.18503118503118504,0.7006237006237006,0.018711018711018712,0.0395010395010395,0.056133056133056136
MORC2:K562,MORC2,K562,823,0.7621672776449848,0.6203738343656039,-0.1417934432793809,0.7912565385506894,0.6487735567421313,0.0042889053916191,0.0046543499592509,0.1172940271751229,0.2242948142511066,False,False,0.00036544456763180043,0.00894325535087,intron,0.6342648845686513,0.15066828675577157,0.6342648845686513,0.10328068043742406,0.054678007290400975,0.05710814094775213
MTPAP:K562,MTPAP,K562,1077,0.7271669214236389,0.6227912445252705,-0.1043756768983684,0.7266875817399169,0.5751081304368956,0.0179304078094435,0.0455362783690528,0.0006192192851818,1.1728495301734272e-05,True,True,0.0276058705596093,0.0634666861784963,cds,0.3500464252553389,0.10306406685236769,0.31197771587743733,0.0510677808727948,0.18384401114206128,0.3500464252553389
NCBP2:HepG2,NCBP2,HepG2,3186,0.7924053917622178,0.6634328412706892,-0.1289725504915285,0.7769400929758212,0.5990981520649988,0.0201623628799729,0.0648195516204551,4.709002568368148e-15,7.746836890283284e-24,True,True,0.04465718874048219,0.084981914500428,utr5,0.6679221594475832,0.1016949152542373,0.09227871939736347,0.6679221594475832,0.005963590709353421,0.13214061519146264
NKRF:HepG2,NKRF,HepG2,3537,0.8694646017235783,0.7916626952247382,-0.0778019064988401,0.875137815679138,0.7893545117016048,0.0023809049916911,0.0099980297942898,0.0048294226866355,2.1973679689697648e-08,True,True,0.007617124802598699,0.0123789347859809,intron,0.771557817359344,0.07803223070398643,0.771557817359344,0.08425219112242013,0.04353972292903591,0.02261803788521346
NOLC1:K562,NOLC1,K562,1567,0.7845960621285617,0.6014219643798937,-0.183174097748668,0.7953063524210453,0.5822025234289423,0.0061775882522787,0.0293918617388129,0.0056202722307531,4.186507310271635e-05,True,True,0.023214273486534202,0.0355694499910916,utr3,0.618379068283344,0.05807275047862157,0.16464582003828973,0.04020421186981493,0.618379068283344,0.11869814932992981
NONO:K562,NONO,K562,11164,0.838087938068324,0.7180748359608742,-0.1200131021074498,0.8139088590405692,0.6615615705235588,0.0276667057996341,0.0576508980998442,1.4720901087852763e-87,1.36012093685465e-97,True,True,0.029984192300210103,0.0853176038994783,intron,0.7890541024722322,0.09906843425295593,0.7890541024722322,0.07103188821211036,0.02678251522751702,0.014063059835184522
PCBP1:HepG2,PCBP1,HepG2,929,0.8198451753740553,0.617363060208239,-0.2024821151658163,0.8440294261802161,0.6366478044363967,0.0025421735467956,0.0022928927116341,0.195694752416378,0.6355076658265106,False,False,-0.0002492808351615,0.0048350662584297,utr3,0.5618945102260495,0.0193756727664155,0.10333692142088267,0.1603875134553283,0.5618945102260495,0.155005382131324
PCBP2:HepG2,PCBP2,HepG2,8589,0.9521573954593844,0.8457948225760736,-0.1063625728833107,0.9500497899436554,0.8197999204211439,0.0079272563236671,0.0305878820584345,6.836559035673703e-36,4.095195020089656e-62,True,True,0.0226606257347674,0.038515138382101605,intron,0.5447665618814763,0.05320759110490162,0.5447665618814763,0.06543252998020724,0.27383863080684595,0.06275468622656886
PHF6:K562,PHF6,K562,676,0.7642020587514442,0.6031344133326432,-0.161067645418801,0.7941817513392389,0.6082397391439367,0.0081010818948916,0.0164277211324465,0.0286075254951624,0.0383179229275076,True,True,0.008326639237554901,0.0245288030273381,intron,0.5680473372781065,0.3032544378698225,0.5680473372781065,0.05473372781065089,0.03254437869822485,0.04142011834319527
PPIL4:K562,PPIL4,K562,658,0.6155754289040197,0.595941337521098,-0.0196340913829217,0.697362829242154,0.5247339855991858,-0.0030579909646066,0.0623375187954342,0.0104045729537632,1.5878784861843932e-05,False,True,0.0653955097600408,0.0592795278308276,intron,0.6200607902735562,0.24772036474164133,0.6200607902735562,0.00303951367781155,0.034954407294832825,0.09422492401215805
PRPF4:HepG2,PRPF4,HepG2,8867,0.8892080604358313,0.776663246481907,-0.1125448139539243,0.8850121240177373,0.764109674743183,0.005705252522557,0.0161323383457857,4.058262242350483e-20,5.681510794743871e-26,True,True,0.010427085823228701,0.0218375908683427,intron,0.5724596819668434,0.12924326153152138,0.5724596819668434,0.14187436562535244,0.08604939663922409,0.07037329423705875
PTBP1:HepG2,PTBP1,HepG2,8349,0.9695237846847208,0.8573129473880324,-0.1122108372966883,0.966475731338343,0.8173172064055021,0.004022907648676,0.0425595986618885,4.022041624660706e-19,2.800020301950316e-92,True,True,0.0385366910132125,0.0465825063105645,intron,0.8581866091747514,0.07018804647263145,0.8581866091747514,0.013414780213199185,0.054138220146125286,0.00407234399329261
PTBP1:K562,PTBP1,K562,7785,0.9620038040646814,0.8371070154444764,-0.124896788620205,0.9610079657658928,0.8022223238087973,0.0027224761152836,0.0383497095038593,7.666472683451112e-12,6.8000090675361364e-71,True,True,0.035627233388575694,0.0410721856191429,intron,0.8346820809248555,0.08914579319203597,0.8346820809248555,0.012845215157353885,0.057803468208092484,0.005523442517662171
PUM1:K562,PUM1,K562,2651,0.7738204311704329,0.7036061330248816,-0.0702142981455512,0.7380557588355162,0.5862924425375698,0.0374855520240258,0.1135758087373127,1.0580242536120854e-20,2.0894051834766085e-44,True,True,0.0760902567132869,0.1510613607613385,cds,0.5428140324405885,0.023010184835910975,0.01999245567710298,0.08110147114296491,0.33308185590343264,0.5428140324405885
QKI:HepG2,QKI,HepG2,9988,0.9144485196412708,0.8695394693993294,-0.0449090502419414,0.7988913889298315,0.6206100995890785,0.1151274200245742,0.2496160324488652,0.0,0.0,True,True,0.134488612424291,0.3647434524734394,intron,0.8702442931517821,0.07008410092110533,0.8702442931517821,0.005206247496996396,0.05036043251902283,0.004104925911093312
QKI:K562,QKI,K562,2189,0.9580230151129416,0.9153356382811102,-0.0426873768318314,0.8665848867244149,0.6778184706496894,0.0902736198539104,0.2376782788480381,4.105124711911801e-85,2.481139536320781e-196,True,True,0.1474046589941277,0.3279518987019485,intron,0.8090452261306532,0.09730470534490634,0.8090452261306532,0.00548195523069895,0.08268615806304248,0.00548195523069895
RBFOX2:K562,RBFOX2,K562,3484,0.840045472759843,0.7185950567055259,-0.121450416054317,0.8076928019972556,0.6338253403094685,0.035918257120298,0.088472588338497,2.703260447919031e-35,1.887940888090692e-48,True,True,0.052554331218198996,0.124390845458795,intron,0.631171067738232,0.21699196326061998,0.631171067738232,0.03444316877152698,0.08639494833524684,0.030998851894374284
RBM15:HepG2,RBM15,HepG2,1493,0.7162220301123932,0.6327902222222223,-0.0834318078901709,0.6967496003901215,0.5934293333333334,0.0307947469974865,0.0428324444444443,8.085744978774324e-09,1.803528557910009e-07,True,True,0.012037697446957797,0.0736271914419308,cds,0.43000669792364365,0.07166778298727394,0.06630944407233758,0.1480241125251172,0.2839919624916276,0.43000669792364365
RPS3:HepG2,RPS3,HepG2,5647,0.7160058000648445,0.6804001653829993,-0.0356056346818451,0.6400096347883973,0.5543967125318356,0.0745177063069763,0.1236367554094646,4.1317816445314495e-67,1.1399112006261632e-92,True,True,0.04911904910248831,0.1981544617164409,cds,0.5749955728705507,0.002656277669559058,0.0017708517797060386,0.14822029396139544,0.27235700371878874,0.5749955728705507
RPS3:K562,RPS3,K562,2369,0.7364108050357072,0.6963264505231068,-0.0400843545126003,0.6925141670026929,0.5684626218189159,0.0523331386964843,0.1241134625720534,6.608875840002642e-23,1.5941863210222082e-43,True,True,0.0717803238755691,0.1764466012685377,cds,0.5052764879696074,0.004643309413254538,0.011397214014352047,0.14563106796116504,0.3330519206416209,0.5052764879696074
SAFB2:K562,SAFB2,K562,3744,0.797608367119585,0.5853899715328,-0.212218395586785,0.7989757258336985,0.5433711745059902,0.0072877287420558,0.0413561270682665,8.866115386803875e-07,3.1317190918906244e-12,True,True,0.034068398326210704,0.0486438558103223,intron,0.8015491452991453,0.09615384615384616,0.8015491452991453,0.005608974358974359,0.03418803418803419,0.0625
SLTM:K562,SLTM,K562,3574,0.7498433472611526,0.6600526053616712,-0.0897907418994814,0.734357899134112,0.631046446685183,0.0182990127354526,0.032974278468784,8.393100193793864e-13,6.150688397510831e-13,True,True,0.014675265733331399,0.0512732912042366,intron,0.7000559597090095,0.13262451035254616,0.7000559597090095,0.03357582540570789,0.05316172355903749,0.08058198097369894
SMNDC1:K562,SMNDC1,K562,2448,0.7427211489170832,0.6688980411357379,-0.0738231077813452,0.7245844279977786,0.590505289056939,0.0243254130355846,0.0778476768059116,6.410564641973678e-12,2.554912502427674e-26,True,True,0.05352226377032701,0.1021730898414962,intron,0.4599673202614379,0.4084967320261438,0.4599673202614379,0.04779411764705882,0.04779411764705882,0.03594771241830065
SND1:K562,SND1,K562,4130,0.7460921386652909,0.7069942736735173,-0.0390978649917735,0.6635916843037127,0.5626503506267987,0.0815877445491267,0.1419282974522274,2.3051925216724523e-64,1.615619444008113e-90,True,True,0.0603405529031007,0.2235160420013541,cds,0.5573849878934625,0.0036319612590799033,0.01476997578692494,0.04067796610169491,0.38353510895883774,0.5573849878934625
SRSF1:HepG2,SRSF1,HepG2,1787,0.8529634376735041,0.7320272807676325,-0.1209361569058716,0.81737657001117,0.6145988332380932,0.0390740938488473,0.1143402352041864,8.1557689395664e-22,3.232972520951625e-36,True,True,0.0752661413553391,0.1534143290530337,cds,0.4599888080581981,0.08393956351426973,0.041969781757134866,0.15836597649692222,0.2557358701734751,0.4599888080581981
SRSF1:K562,SRSF1,K562,3861,0.862046708459555,0.7755832090240002,-0.0864634994355547,0.7931860459702988,0.5973751977161375,0.0683888808726932,0.1767104053341565,1.2500788299440696e-79,7.74095777590853e-144,True,True,0.1083215244614633,0.24509928620684968,cds,0.6065786065786066,0.013727013727013727,0.00259000259000259,0.09816109816109816,0.2789432789432789,0.6065786065786066
STAU2:HepG2,STAU2,HepG2,842,0.730635123927308,0.6123245038269847,-0.1183106201003233,0.7009862277915381,0.6121214733891064,0.0064685936098307,0.0196730931826273,0.049108313922871,0.0004296315133323,True,True,0.013204499572796602,0.026141686792458,intron,0.6437054631828979,0.04513064133016627,0.6437054631828979,0.009501187648456057,0.29691211401425177,0.004750593824228029
SUB1:HepG2,SUB1,HepG2,3296,0.8158966590866245,0.6430961906988173,-0.1728004683878071,0.8192552093152041,0.6118883270781639,0.0068201048343387,0.0356217621942687,2.5468884840159766e-06,2.2438983939355258e-12,True,True,0.02880165735993,0.0424418670286074,utr3,0.7627427184466019,0.026092233009708737,0.007281553398058253,0.06067961165048544,0.7627427184466019,0.14320388349514562
TAF15:HepG2,TAF15,HepG2,768,0.9204186333550348,0.6655222574869791,-0.2548963758680557,0.9356689453125,0.651640150282118,0.0024549696180556,0.029451158311632,0.0414024745206111,0.0006444165023804,True,True,0.0269961886935764,0.0319061279296876,intron,0.8528645833333334,0.10416666666666667,0.8528645833333334,0.01953125,0.01953125,0.00390625
TIA1:HepG2,TIA1,HepG2,1729,0.8287756808045385,0.6404297659662792,-0.1883459148382592,0.8412251655075312,0.5964840918419196,0.0037057095289722,0.0442360294115188,0.0096444966664454,9.064119291535994e-09,True,True,0.0405303198825466,0.047941738940491,utr3,0.6923076923076923,0.13938692886061307,0.13128976286871025,0.016194331983805668,0.6923076923076923,0.020821283979178717
TIA1:K562,TIA1,K562,5831,0.8394998541347598,0.6648513368611895,-0.1746485172735703,0.83312669458601,0.6165652051944183,0.0087680023867841,0.0494818372970644,2.9888445753826225e-14,4.4015589978478745e-35,True,True,0.0407138349102803,0.0582498396838485,utr3,0.43525981821299947,0.14508660607099982,0.35825758874978564,0.03567141142171154,0.43525981821299947,0.025724575544503515
TRA2A:HepG2,TRA2A,HepG2,920,0.9263705103969756,0.8022071557493684,-0.1241633546476072,0.9331214555765596,0.6848053796032025,0.0051736767485821,0.1124810048087746,0.0036178073915189,2.0002358067299553e-24,True,True,0.1073073280601925,0.1176546815573567,cds,0.55,0.051086956521739134,0.02826086956521739,0.06630434782608696,0.30434782608695654,0.55
U2AF1:K562,U2AF1,K562,1229,0.8364418073926753,0.7317449930596867,-0.1046968143329886,0.8269604704851099,0.612849494348602,0.0203629271186361,0.1158285412122414,8.450030108962445e-08,5.975172398934183e-25,True,True,0.0954656140936053,0.1361914683308775,utr3,0.3287225386493084,0.13588283157038242,0.17005695687550854,0.08136696501220504,0.3287225386493084,0.2839707078925956
U2AF2:HepG2,U2AF2,HepG2,10699,0.8572071043307327,0.7511691584884274,-0.1060379458423053,0.8068869383666182,0.5995244471618804,0.0528047250267346,0.152628263602103,4.5936824310572506e-167,7.125921238037732e-302,True,True,0.0998235385753684,0.20543298862883758,intron,0.4055519207402561,0.12945135059351343,0.4055519207402561,0.056453874193849896,0.19973829329843912,0.2088045611739415
UCHL5:HepG2,UCHL5,HepG2,2231,0.7394856430948047,0.6947994791316748,-0.0446861639631298,0.6910033248542752,0.5639257973214148,0.0499891408318584,0.1270718564447427,2.8308284595472194e-20,2.2367324473636932e-41,True,True,0.0770827156128843,0.1770609972766011,cds,0.554011653966831,0.04437471985656656,0.01523980277902286,0.08202599731062304,0.30434782608695654,0.554011653966831
XPO5:HepG2,XPO5,HepG2,4557,0.7558178176520949,0.6694342368906329,-0.086383580761462,0.710737553036179,0.6409689070333326,0.0444632538115092,0.0377220167408316,2.3698324170048927e-37,2.060072284424748e-23,True,True,-0.0067412370706776,0.0821852705523408,intron,0.7298661400043889,0.10950186526223392,0.7298661400043889,0.03598858898398069,0.09699363616414308,0.027649769585253458
YBX3:HepG2,YBX3,HepG2,2041,0.6474562022392018,0.614830959258126,-0.0326252429810757,0.6452402380307085,0.571895195987111,-0.0073812661123114,0.0329404733697158,0.1863949804060637,2.3566235451788496e-05,False,True,0.0403217394820272,0.025559207257404397,utr3,0.43165115139637433,0.03282704556589907,0.21460068593826556,0.060264576188143064,0.43165115139637433,0.26065654091131796
YBX3:K562,YBX3,K562,17979,0.736155629664796,0.7071034301251913,-0.0290521995396046,0.6404943341314879,0.5552969525004144,0.0998600591556652,0.151121902820287,0.0,0.0,True,True,0.0512618436646218,0.25098196197595224,cds,0.4645419656265643,0.020078981033427888,0.030758106680015575,0.08454307803548584,0.4000778686245064,0.4645419656265643
YWHAG:K562,YWHAG,K562,790,0.7131293062009293,0.5880239445732125,-0.1251053616277168,0.72081236981253,0.5910217272504569,0.0134369492068578,0.0090153328182612,0.0078192860738976,0.2320730081371352,True,False,-0.004421616388596601,0.022452282025119,intron,0.6354430379746835,0.1379746835443038,0.6354430379746835,0.0189873417721519,0.08860759493670886,0.1189873417721519
ZNF622:K562,ZNF622,K562,14967,0.8162941389030969,0.7323849653146264,-0.0839091735884705,0.750090460923566,0.5719715059373535,0.0661863395521462,0.1604287223992403,1.9111226909811448e-237,0.0,True,True,0.0942423828470941,0.2266150619513865,cds,0.571256764882742,0.03187011425135298,0.012961849402017772,0.07676889156143515,0.3071423799024521,0.571256764882742
ZNF800:HepG2,ZNF800,HepG2,2936,0.7438825507279733,0.6853174130579747,-0.0585651376699986,0.6945457451981972,0.5679544254970317,0.0515451336040806,0.1149136847236813,3.403284573680925e-27,5.4023001004005e-46,True,True,0.0633685511196007,0.16645881832776188,cds,0.6447547683923706,0.0027247956403269754,0.005108991825613079,0.05483651226158038,0.29257493188010897,0.6447547683923706
ZNF800:K562,ZNF800,K562,2430,0.8216775897983031,0.7443617359746117,-0.0773158538236913,0.7831926027536453,0.5895587129025213,0.0401005944215819,0.1523251393304052,4.224706727274753e-26,1.8539786707845727e-69,True,True,0.1122245449088233,0.1924257337519871,cds,0.5868312757201646,0.008641975308641974,0.00905349794238683,0.06296296296296296,0.3325102880658436,0.5868312757201646
