protein,cell,vid,label,fold,delta,platform,accelerator,weights_from
EXOSC5,HepG2,chr14:39267489:G:T,0,2,0.5002862811088562,modal,cuda,IGF2BP1:K562
EXOSC5,HepG2,chr1:55052418:A:C,0,0,-0.36452317237854004,modal,cuda,IGF2BP1:K562
EXOSC5,HepG2,chr21:45487528:C:T,0,0,-0.2699185609817505,modal,cuda,IGF2BP1:K562
EXOSC5,HepG2,chr21:45494528:C:T,0,0,-0.20979464054107666,modal,cuda,IGF2BP1:K562
EXOSC5,HepG2,chr5:171388121:G:T,0,1,-0.28720754384994507,modal,cuda,IGF2BP1:K562
EXOSC5,HepG2,chr7:73593276:T:C,0,2,-0.34402996301651,modal,cuda,IGF2BP1:K562
EXOSC5,HepG2,chr9:114205158:A:G,0,4,0.15702706575393677,modal,cuda,IGF2BP1:K562
EXOSC5,HepG2,chr9:114236963:G:C,0,4,-1.9467575550079346,modal,cuda,IGF2BP1:K562
EXOSC5,HepG2,chr9:114290935:A:G,0,4,0.14777040481567383,modal,cuda,IGF2BP1:K562
EXOSC5,HepG2,chr9:114300704:C:T,0,4,-0.14578914642333984,modal,cuda,IGF2BP1:K562
